timestamp,hour,day_type,temperature,humidity,occupancy,current_energy,target_energy
2025-01-01 00:00,0,Weekday,23.2,73,8,151.11,120.89
2025-01-01 01:00,1,Weekday,28.6,56,12,185.41,148.33
2025-01-01 02:00,2,Weekday,28.1,62,9,171.23,136.98
2025-01-01 03:00,3,Weekday,29.7,63,13,198.18,158.54
2025-01-01 04:00,4,Weekday,32.3,59,11,197.26,157.81
2025-01-01 05:00,5,Weekday,35.9,57,4,239.69,191.75
2025-01-01 06:00,6,Weekday,33.1,57,10,213.77,171.02
2025-01-01 07:00,7,Weekday,36.4,59,26,302.8,278.58
2025-01-01 08:00,8,Weekday,32.3,61,54,329.42,303.07
2025-01-01 09:00,9,Weekday,32.7,60,65,363.7,334.6
2025-01-01 10:00,10,Weekday,30.1,63,88,431.07,396.58
2025-01-01 11:00,11,Weekday,26.1,68,75,386.43,355.52
2025-01-01 12:00,12,Weekday,22.0,68,83,352.04,323.88
2025-01-01 13:00,13,Weekday,21.6,65,74,321.5,295.78
2025-01-01 14:00,14,Weekday,20.5,77,67,308.41,283.74
2025-01-01 15:00,15,Weekday,16.5,78,66,335.47,308.63
2025-01-01 16:00,16,Weekday,15.1,79,92,413.7,380.6
2025-01-01 17:00,17,Weekday,13.0,82,81,378.05,347.81
2025-01-01 18:00,18,Weekday,12.6,86,56,278.78,256.48
2025-01-01 19:00,19,Weekday,14.8,81,32,214.3,197.16
2025-01-01 20:00,20,Weekday,14.2,83,51,286.09,263.2
2025-01-01 21:00,21,Weekday,20.4,74,5,144.12,115.3
2025-01-01 22:00,22,Weekday,16.8,82,3,127.42,101.94
2025-01-01 23:00,23,Weekday,20.0,80,13,161.63,129.3
2025-01-02 00:00,0,Weekday,23.6,72,8,123.76,99.01
2025-01-02 01:00,1,Weekday,25.1,58,7,154.98,123.98
2025-01-02 02:00,2,Weekday,27.4,69,6,155.21,124.17
2025-01-02 03:00,3,Weekday,30.3,59,10,198.2,158.56
2025-01-02 04:00,4,Weekday,32.6,52,13,211.71,169.37
2025-01-02 05:00,5,Weekday,32.2,58,18,238.34,190.67
2025-01-02 06:00,6,Weekday,36.2,59,2,186.12,148.9
2025-01-02 07:00,7,Weekday,35.9,58,25,272.95,251.11
2025-01-02 08:00,8,Weekday,30.7,59,30,261.54,240.62
2025-01-02 09:00,9,Weekday,33.2,61,93,505.46,465.02
2025-01-02 10:00,10,Weekday,28.3,68,75,405.0,372.6
2025-01-02 11:00,11,Weekday,27.9,68,78,394.28,362.74
2025-01-02 12:00,12,Weekday,22.4,73,79,343.21,315.75
2025-01-02 13:00,13,Weekday,23.7,72,77,364.9,335.71
2025-01-02 14:00,14,Weekday,19.3,69,84,356.58,328.05
2025-01-02 15:00,15,Weekday,18.0,78,75,364.61,335.44
2025-01-02 16:00,16,Weekday,16.8,79,61,293.98,270.46
2025-01-02 17:00,17,Weekday,13.1,85,78,358.45,329.77
2025-01-02 18:00,18,Weekday,15.4,79,43,258.8,238.1
2025-01-02 19:00,19,Weekday,16.0,81,54,279.53,257.17
2025-01-02 20:00,20,Weekday,18.1,78,44,234.13,215.4
2025-01-02 21:00,21,Weekday,17.9,77,2,120.25,96.2
2025-01-02 22:00,22,Weekday,20.2,79,17,177.37,141.9
2025-01-02 23:00,23,Weekday,22.8,73,2,171.92,137.54
2025-01-03 00:00,0,Weekday,24.5,69,15,182.66,146.13
2025-01-03 01:00,1,Weekday,26.5,72,3,128.85,103.08
2025-01-03 02:00,2,Weekday,26.9,66,16,176.75,141.4
2025-01-03 03:00,3,Weekday,32.5,59,4,202.86,162.29
2025-01-03 04:00,4,Weekday,32.3,62,15,238.5,190.8
2025-01-03 05:00,5,Weekday,33.6,54,4,199.85,159.88
2025-01-03 06:00,6,Weekday,32.6,57,2,205.45,164.36
2025-01-03 07:00,7,Weekday,33.8,54,22,266.71,245.37
2025-01-03 08:00,8,Weekday,30.9,67,51,315.37,290.14
2025-01-03 09:00,9,Weekday,29.5,66,85,434.99,400.19
2025-01-03 10:00,10,Weekday,28.0,58,88,425.85,391.78
2025-01-03 11:00,11,Weekday,24.4,75,66,321.31,295.61
2025-01-03 12:00,12,Weekday,23.8,67,60,301.03,276.95
2025-01-03 13:00,13,Weekday,20.8,71,91,394.23,362.69
2025-01-03 14:00,14,Weekday,19.2,76,84,377.32,347.13
2025-01-03 15:00,15,Weekday,14.1,79,92,407.65,375.04
2025-01-03 16:00,16,Weekday,17.2,77,64,306.38,281.87
2025-01-03 17:00,17,Weekday,12.4,89,94,414.43,381.28
2025-01-03 18:00,18,Weekday,13.8,80,32,239.89,220.7
2025-01-03 19:00,19,Weekday,13.7,84,45,267.99,246.55
2025-01-03 20:00,20,Weekday,14.8,79,20,184.77,169.99
2025-01-03 21:00,21,Weekday,14.5,82,17,204.67,163.74
2025-01-03 22:00,22,Weekday,17.0,85,6,127.04,101.63
2025-01-03 23:00,23,Weekday,19.5,74,6,125.77,100.62
2025-01-04 00:00,0,Weekend,24.7,72,29,198.7,182.8
2025-01-04 01:00,1,Weekend,26.5,64,17,207.45,165.96
2025-01-04 02:00,2,Weekend,31.4,55,6,190.6,152.48
2025-01-04 03:00,3,Weekend,31.3,61,11,246.62,197.3
2025-01-04 04:00,4,Weekend,35.6,57,2,227.32,181.86
2025-01-04 05:00,5,Weekend,33.9,58,3,202.42,161.94
2025-01-04 06:00,6,Weekend,34.9,61,28,275.68,253.63
2025-01-04 07:00,7,Weekend,34.0,59,20,277.04,254.88
2025-01-04 08:00,8,Weekend,33.1,56,2,195.68,156.54
2025-01-04 09:00,9,Weekend,30.3,57,27,270.63,248.98
2025-01-04 10:00,10,Weekend,28.1,63,20,227.08,208.91
2025-01-04 11:00,11,Weekend,28.8,67,25,242.84,223.41
2025-01-04 12:00,12,Weekend,20.7,79,26,226.06,207.98
2025-01-04 13:00,13,Weekend,23.9,62,4,113.69,90.95
2025-01-04 14:00,14,Weekend,20.6,74,8,120.99,96.79
2025-01-04 15:00,15,Weekend,17.5,81,24,204.2,187.86
2025-01-04 16:00,16,Weekend,16.3,70,10,113.15,90.52
2025-01-04 17:00,17,Weekend,14.2,80,14,174.81,139.85
2025-01-04 18:00,18,Weekend,14.6,80,13,156.0,124.8
2025-01-04 19:00,19,Weekend,17.4,74,27,232.39,213.8
2025-01-04 20:00,20,Weekend,17.0,86,4,126.86,101.49
2025-01-04 21:00,21,Weekend,17.3,75,22,185.87,171.0
2025-01-04 22:00,22,Weekend,20.5,73,27,188.62,173.53
2025-01-04 23:00,23,Weekend,20.9,77,13,166.44,133.15
2025-01-05 00:00,0,Weekend,23.4,71,18,182.39,145.91
2025-01-05 01:00,1,Weekend,27.9,58,6,170.39,136.31
2025-01-05 02:00,2,Weekend,26.8,61,9,158.62,126.9
2025-01-05 03:00,3,Weekend,30.8,53,13,236.95,189.56
2025-01-05 04:00,4,Weekend,31.6,53,27,253.19,232.93
2025-01-05 05:00,5,Weekend,31.4,64,27,271.73,249.99
2025-01-05 06:00,6,Weekend,35.3,60,10,232.3,185.84
2025-01-05 07:00,7,Weekend,31.5,63,29,260.98,240.1
2025-01-05 08:00,8,Weekend,34.7,56,7,227.28,181.82
2025-01-05 09:00,9,Weekend,31.7,61,16,244.35,195.48
2025-01-05 10:00,10,Weekend,28.7,65,12,186.52,149.22
2025-01-05 11:00,11,Weekend,26.9,72,16,205.59,164.47
2025-01-05 12:00,12,Weekend,25.8,75,2,138.74,110.99
2025-01-05 13:00,13,Weekend,22.9,67,29,199.63,183.66
2025-01-05 14:00,14,Weekend,15.8,77,5,123.61,98.89
2025-01-05 15:00,15,Weekend,17.2,76,10,125.1,100.08
2025-01-05 16:00,16,Weekend,14.4,75,18,151.28,121.02
2025-01-05 17:00,17,Weekend,15.4,75,14,189.47,151.58
2025-01-05 18:00,18,Weekend,14.2,85,25,190.35,175.12
2025-01-05 19:00,19,Weekend,12.6,84,23,172.54,158.74
2025-01-05 20:00,20,Weekend,15.2,85,26,174.08,160.15
2025-01-05 21:00,21,Weekend,16.0,80,17,163.73,130.98
2025-01-05 22:00,22,Weekend,21.3,74,6,133.3,106.64
2025-01-05 23:00,23,Weekend,19.0,72,15,150.96,120.77
2025-01-06 00:00,0,Weekday,25.1,64,5,120.79,96.63
2025-01-06 01:00,1,Weekday,28.5,64,9,176.61,141.29
2025-01-06 02:00,2,Weekday,30.8,62,4,217.31,173.85
2025-01-06 03:00,3,Weekday,33.7,60,18,272.13,217.7
2025-01-06 04:00,4,Weekday,33.0,59,3,225.16,180.13
2025-01-06 05:00,5,Weekday,35.6,59,16,258.74,206.99
2025-01-06 06:00,6,Weekday,35.3,56,7,234.7,187.76
2025-01-06 07:00,7,Weekday,30.8,61,36,294.35,270.8
2025-01-06 08:00,8,Weekday,33.2,58,39,279.59,257.22
2025-01-06 09:00,9,Weekday,30.9,63,70,371.1,341.41
2025-01-06 10:00,10,Weekday,30.1,61,63,388.63,357.54
2025-01-06 11:00,11,Weekday,26.1,65,78,386.48,355.56
2025-01-06 12:00,12,Weekday,21.8,71,81,363.86,334.75
2025-01-06 13:00,13,Weekday,18.0,74,86,381.21,350.71
2025-01-06 14:00,14,Weekday,18.4,72,89,389.72,358.54
2025-01-06 15:00,15,Weekday,15.8,83,74,343.04,315.6
2025-01-06 16:00,16,Weekday,13.1,88,73,363.67,334.58
2025-01-06 17:00,17,Weekday,14.0,85,73,346.07,318.38
2025-01-06 18:00,18,Weekday,16.3,69,37,218.84,201.33
2025-01-06 19:00,19,Weekday,13.0,84,56,268.63,247.14
2025-01-06 20:00,20,Weekday,14.4,77,36,253.31,233.05
2025-01-06 21:00,21,Weekday,18.3,75,4,164.59,131.67
2025-01-06 22:00,22,Weekday,22.6,75,5,128.39,102.71
2025-01-06 23:00,23,Weekday,23.8,66,11,132.26,105.81
2025-01-07 00:00,0,Weekday,24.0,63,3,136.45,109.16
2025-01-07 01:00,1,Weekday,26.3,66,7,125.23,100.18
2025-01-07 02:00,2,Weekday,29.3,67,12,198.27,158.62
2025-01-07 03:00,3,Weekday,31.7,62,7,205.71,164.57
2025-01-07 04:00,4,Weekday,30.0,73,16,209.54,167.63
2025-01-07 05:00,5,Weekday,34.4,58,5,177.09,141.67
2025-01-07 06:00,6,Weekday,36.8,55,18,273.2,218.56
2025-01-07 07:00,7,Weekday,33.9,57,30,296.35,272.64
2025-01-07 08:00,8,Weekday,32.4,58,22,244.17,224.64
2025-01-07 09:00,9,Weekday,32.2,62,68,411.22,378.32
2025-01-07 10:00,10,Weekday,30.9,63,83,415.8,382.54
2025-01-07 11:00,11,Weekday,28.8,64,70,366.06,336.78
2025-01-07 12:00,12,Weekday,24.8,71,81,377.14,346.97
2025-01-07 13:00,13,Weekday,22.1,74,64,292.63,269.22
2025-01-07 14:00,14,Weekday,20.2,67,63,301.49,277.37
2025-01-07 15:00,15,Weekday,19.8,76,73,351.09,323.0
2025-01-07 16:00,16,Weekday,15.4,87,92,400.9,368.83
2025-01-07 17:00,17,Weekday,14.0,85,61,304.43,280.08
2025-01-07 18:00,18,Weekday,11.8,89,58,299.08,275.15
2025-01-07 19:00,19,Weekday,13.7,89,48,263.52,242.44
2025-01-07 20:00,20,Weekday,14.6,82,46,241.63,222.3
2025-01-07 21:00,21,Weekday,15.7,80,2,118.84,95.07
2025-01-07 22:00,22,Weekday,21.5,72,11,154.31,123.45
2025-01-07 23:00,23,Weekday,20.0,79,16,161.33,129.06
2025-01-08 00:00,0,Weekday,20.1,73,6,157.96,126.37
2025-01-08 01:00,1,Weekday,29.6,68,12,206.17,164.94
2025-01-08 02:00,2,Weekday,27.2,63,11,153.41,122.73
2025-01-08 03:00,3,Weekday,30.2,63,12,188.72,150.98
2025-01-08 04:00,4,Weekday,32.4,60,19,270.93,216.74
2025-01-08 05:00,5,Weekday,34.5,54,6,229.07,183.26
2025-01-08 06:00,6,Weekday,36.4,53,10,234.36,187.49
2025-01-08 07:00,7,Weekday,33.5,56,40,309.56,284.8
2025-01-08 08:00,8,Weekday,36.5,57,42,337.18,310.21
2025-01-08 09:00,9,Weekday,30.9,64,68,369.74,340.16
2025-01-08 10:00,10,Weekday,27.5,59,85,415.35,382.12
2025-01-08 11:00,11,Weekday,26.7,60,61,282.83,260.2
2025-01-08 12:00,12,Weekday,21.7,71,86,361.12,332.23
2025-01-08 13:00,13,Weekday,21.2,68,83,373.16,343.31
2025-01-08 14:00,14,Weekday,20.6,71,83,355.4,326.97
2025-01-08 15:00,15,Weekday,15.8,81,80,360.21,331.39
2025-01-08 16:00,16,Weekday,14.1,81,79,357.01,328.45
2025-01-08 17:00,17,Weekday,14.6,77,60,275.82,253.75
2025-01-08 18:00,18,Weekday,13.3,74,38,212.49,195.49
2025-01-08 19:00,19,Weekday,16.5,76,35,226.6,208.47
2025-01-08 20:00,20,Weekday,15.7,87,33,195.98,180.3
2025-01-08 21:00,21,Weekday,21.1,72,7,144.57,115.66
2025-01-08 22:00,22,Weekday,16.9,75,9,130.34,104.27
2025-01-08 23:00,23,Weekday,24.0,68,19,192.36,153.89
2025-01-09 00:00,0,Weekday,25.1,64,4,132.93,106.34
2025-01-09 01:00,1,Weekday,27.3,72,2,159.01,127.21
2025-01-09 02:00,2,Weekday,30.2,58,4,185.12,148.1
2025-01-09 03:00,3,Weekday,31.5,54,5,181.49,145.19
2025-01-09 04:00,4,Weekday,33.1,54,19,263.66,210.93
2025-01-09 05:00,5,Weekday,33.4,52,16,260.29,208.23
2025-01-09 06:00,6,Weekday,33.5,58,3,197.87,158.3
2025-01-09 07:00,7,Weekday,35.2,60,49,351.19,323.09
2025-01-09 08:00,8,Weekday,34.1,57,54,357.76,329.14
2025-01-09 09:00,9,Weekday,33.1,60,76,395.15,363.54
2025-01-09 10:00,10,Weekday,28.1,63,84,385.47,354.63
2025-01-09 11:00,11,Weekday,26.7,70,82,395.69,364.03
2025-01-09 12:00,12,Weekday,24.0,75,80,357.77,329.15
2025-01-09 13:00,13,Weekday,20.4,75,71,347.74,319.92
2025-01-09 14:00,14,Weekday,18.9,85,71,350.79,322.73
2025-01-09 15:00,15,Weekday,17.3,79,80,324.45,298.49
2025-01-09 16:00,16,Weekday,16.1,76,61,305.8,281.34
2025-01-09 17:00,17,Weekday,13.2,86,85,373.13,343.28
2025-01-09 18:00,18,Weekday,14.8,81,58,301.8,277.66
2025-01-09 19:00,19,Weekday,14.2,78,41,253.5,233.22
2025-01-09 20:00,20,Weekday,13.5,83,55,288.54,265.46
2025-01-09 21:00,21,Weekday,17.3,79,14,146.27,117.02
2025-01-09 22:00,22,Weekday,18.9,83,3,119.6,95.68
2025-01-09 23:00,23,Weekday,24.1,73,8,135.88,108.7
2025-01-10 00:00,0,Weekday,22.0,71,18,189.97,151.98
2025-01-10 01:00,1,Weekday,26.8,71,9,179.74,143.79
2025-01-10 02:00,2,Weekday,30.3,64,6,187.35,149.88
2025-01-10 03:00,3,Weekday,28.6,63,16,206.63,165.3
2025-01-10 04:00,4,Weekday,32.8,57,16,209.11,167.29
2025-01-10 05:00,5,Weekday,33.2,54,16,257.4,205.92
2025-01-10 06:00,6,Weekday,33.7,54,17,258.45,206.76
2025-01-10 07:00,7,Weekday,34.8,62,58,339.71,312.53
2025-01-10 08:00,8,Weekday,32.8,57,58,357.88,329.25
2025-01-10 09:00,9,Weekday,30.6,62,93,467.0,429.64
2025-01-10 10:00,10,Weekday,28.6,65,85,417.99,384.55
2025-01-10 11:00,11,Weekday,23.7,75,88,396.54,364.82
2025-01-10 12:00,12,Weekday,24.4,73,92,400.43,368.4
2025-01-10 13:00,13,Weekday,23.0,81,91,383.24,352.58
2025-01-10 14:00,14,Weekday,18.6,73,69,353.07,324.82
2025-01-10 15:00,15,Weekday,17.2,70,62,301.5,277.38
2025-01-10 16:00,16,Weekday,16.3,85,63,315.9,290.63
2025-01-10 17:00,17,Weekday,14.0,74,74,323.89,297.98
2025-01-10 18:00,18,Weekday,13.0,86,43,253.11,232.86
2025-01-10 19:00,19,Weekday,14.4,90,43,239.04,219.92
2025-01-10 20:00,20,Weekday,15.2,80,44,269.07,247.54
2025-01-10 21:00,21,Weekday,16.4,77,14,160.44,128.35
2025-01-10 22:00,22,Weekday,19.7,77,4,113.26,90.61
2025-01-10 23:00,23,Weekday,22.3,70,10,132.4,105.92
2025-01-11 00:00,0,Weekend,24.3,69,19,178.09,142.47
2025-01-11 01:00,1,Weekend,28.0,66,14,171.26,137.01
2025-01-11 02:00,2,Weekend,25.6,64,10,160.09,128.07
2025-01-11 03:00,3,Weekend,28.4,66,4,183.45,146.76
2025-01-11 04:00,4,Weekend,31.3,65,6,192.87,154.3
2025-01-11 05:00,5,Weekend,33.8,56,19,258.76,207.01
2025-01-11 06:00,6,Weekend,35.4,56,18,293.18,234.54
2025-01-11 07:00,7,Weekend,34.9,50,9,241.14,192.91
2025-01-11 08:00,8,Weekend,34.3,57,7,213.83,171.06
2025-01-11 09:00,9,Weekend,30.4,65,17,229.81,183.85
2025-01-11 10:00,10,Weekend,27.6,68,26,242.4,223.01
2025-01-11 11:00,11,Weekend,26.4,65,11,159.7,127.76
2025-01-11 12:00,12,Weekend,24.6,67,8,149.23,119.38
2025-01-11 13:00,13,Weekend,23.3,73,8,115.61,92.49
2025-01-11 14:00,14,Weekend,20.1,69,9,169.43,135.54
2025-01-11 15:00,15,Weekend,17.2,82,7,137.45,109.96
2025-01-11 16:00,16,Weekend,16.3,79,29,200.3,184.28
2025-01-11 17:00,17,Weekend,14.6,83,28,194.94,179.34
2025-01-11 18:00,18,Weekend,11.3,89,18,166.8,133.44
2025-01-11 19:00,19,Weekend,14.5,89,19,165.9,132.72
2025-01-11 20:00,20,Weekend,17.7,77,21,174.67,160.7
2025-01-11 21:00,21,Weekend,19.8,77,15,164.28,131.42
2025-01-11 22:00,22,Weekend,17.2,77,4,141.73,113.38
2025-01-11 23:00,23,Weekend,22.9,73,21,191.67,176.34
2025-01-12 00:00,0,Weekend,22.1,75,21,192.75,177.33
2025-01-12 01:00,1,Weekend,26.4,65,17,213.44,170.75
2025-01-12 02:00,2,Weekend,30.3,61,28,243.74,224.24
2025-01-12 03:00,3,Weekend,30.1,57,18,244.46,195.57
2025-01-12 04:00,4,Weekend,36.4,48,16,260.92,208.74
2025-01-12 05:00,5,Weekend,32.9,58,22,239.4,220.25
2025-01-12 06:00,6,Weekend,35.0,62,19,267.95,214.36
2025-01-12 07:00,7,Weekend,34.7,63,15,273.12,218.5
2025-01-12 08:00,8,Weekend,30.6,60,21,224.69,206.71
2025-01-12 09:00,9,Weekend,31.0,65,23,219.23,201.69
2025-01-12 10:00,10,Weekend,28.3,57,9,174.62,139.7
2025-01-12 11:00,11,Weekend,23.0,75,7,124.6,99.68
2025-01-12 12:00,12,Weekend,25.4,71,2,132.35,105.88
2025-01-12 13:00,13,Weekend,21.5,79,23,202.16,185.99
2025-01-12 14:00,14,Weekend,19.1,72,11,145.93,116.74
2025-01-12 15:00,15,Weekend,18.5,77,8,128.06,102.45
2025-01-12 16:00,16,Weekend,16.7,80,15,166.53,133.22
2025-01-12 17:00,17,Weekend,13.9,87,9,160.87,128.7
2025-01-12 18:00,18,Weekend,16.6,84,7,117.99,94.39
2025-01-12 19:00,19,Weekend,15.6,81,13,169.22,135.38
2025-01-12 20:00,20,Weekend,16.9,76,21,202.76,186.54
2025-01-12 21:00,21,Weekend,17.2,75,27,200.64,184.59
2025-01-12 22:00,22,Weekend,18.4,77,29,191.53,176.21
2025-01-12 23:00,23,Weekend,20.6,71,24,190.77,175.51
2025-01-13 00:00,0,Weekday,26.6,68,13,180.37,144.3
2025-01-13 01:00,1,Weekday,26.8,61,11,168.29,134.63
2025-01-13 02:00,2,Weekday,28.6,57,16,210.79,168.63
2025-01-13 03:00,3,Weekday,32.0,55,6,180.03,144.02
2025-01-13 04:00,4,Weekday,33.0,63,19,274.26,219.41
2025-01-13 05:00,5,Weekday,33.0,52,5,198.41,158.73
2025-01-13 06:00,6,Weekday,33.0,50,13,223.66,178.93
2025-01-13 07:00,7,Weekday,34.6,59,45,343.71,316.21
2025-01-13 08:00,8,Weekday,30.6,67,42,259.65,238.88
2025-01-13 09:00,9,Weekday,31.6,51,73,403.33,371.06
2025-01-13 10:00,10,Weekday,29.4,60,61,333.09,306.44
2025-01-13 11:00,11,Weekday,24.1,64,94,420.21,386.59
2025-01-13 12:00,12,Weekday,21.7,71,71,301.57,277.44
2025-01-13 13:00,13,Weekday,21.8,71,89,369.82,340.23
2025-01-13 14:00,14,Weekday,21.3,76,67,315.77,290.51
2025-01-13 15:00,15,Weekday,16.4,83,71,331.66,305.13
2025-01-13 16:00,16,Weekday,15.6,84,87,373.25,343.39
2025-01-13 17:00,17,Weekday,14.4,81,73,328.69,302.39
2025-01-13 18:00,18,Weekday,14.2,79,39,227.64,209.43
2025-01-13 19:00,19,Weekday,13.5,83,24,178.58,164.29
2025-01-13 20:00,20,Weekday,15.5,82,31,211.0,194.12
2025-01-13 21:00,21,Weekday,18.6,67,16,172.39,137.91
2025-01-13 22:00,22,Weekday,20.7,69,7,150.19,120.15
2025-01-13 23:00,23,Weekday,19.8,77,19,164.85,131.88
2025-01-14 00:00,0,Weekday,23.7,71,7,154.05,123.24
2025-01-14 01:00,1,Weekday,27.3,65,12,212.45,169.96
2025-01-14 02:00,2,Weekday,29.3,64,18,210.37,168.3
2025-01-14 03:00,3,Weekday,31.5,61,15,236.28,189.02
2025-01-14 04:00,4,Weekday,33.4,62,17,218.44,174.75
2025-01-14 05:00,5,Weekday,35.1,56,3,222.73,178.18
2025-01-14 06:00,6,Weekday,33.5,59,17,237.93,190.34
2025-01-14 07:00,7,Weekday,33.2,52,53,338.59,311.5
2025-01-14 08:00,8,Weekday,34.0,57,57,365.54,336.3
2025-01-14 09:00,9,Weekday,32.2,54,70,382.11,351.54
2025-01-14 10:00,10,Weekday,27.1,59,66,329.52,303.16
2025-01-14 11:00,11,Weekday,28.9,68,84,444.89,409.3
2025-01-14 12:00,12,Weekday,26.5,71,94,411.68,378.75
2025-01-14 13:00,13,Weekday,24.8,71,62,313.28,288.22
2025-01-14 14:00,14,Weekday,18.3,76,61,285.65,262.8
2025-01-14 15:00,15,Weekday,14.6,74,93,401.56,369.44
2025-01-14 16:00,16,Weekday,17.4,80,95,413.92,380.81
2025-01-14 17:00,17,Weekday,15.6,83,80,364.22,335.08
2025-01-14 18:00,18,Weekday,12.2,90,44,250.55,230.51
2025-01-14 19:00,19,Weekday,12.2,84,38,219.74,202.16
2025-01-14 20:00,20,Weekday,15.4,83,46,245.57,225.92
2025-01-14 21:00,21,Weekday,17.2,79,19,176.0,140.8
2025-01-14 22:00,22,Weekday,18.2,79,12,170.23,136.18
2025-01-14 23:00,23,Weekday,20.4,73,11,164.94,131.95
2025-01-15 00:00,0,Weekday,23.3,75,8,128.97,103.18
2025-01-15 01:00,1,Weekday,26.7,71,14,189.36,151.49
2025-01-15 02:00,2,Weekday,29.9,67,10,190.26,152.21
2025-01-15 03:00,3,Weekday,29.4,62,11,207.47,165.98
2025-01-15 04:00,4,Weekday,34.3,53,6,226.93,181.54
2025-01-15 05:00,5,Weekday,35.0,54,19,271.48,217.18
2025-01-15 06:00,6,Weekday,33.3,56,19,250.2,200.16
2025-01-15 07:00,7,Weekday,35.3,61,40,354.75,326.37
2025-01-15 08:00,8,Weekday,30.7,64,51,318.39,292.92
2025-01-15 09:00,9,Weekday,31.3,58,84,454.99,418.59
2025-01-15 10:00,10,Weekday,29.5,61,70,349.65,321.68
2025-01-15 11:00,11,Weekday,27.4,63,95,416.98,383.62
2025-01-15 12:00,12,Weekday,23.1,70,65,303.61,279.32
2025-01-15 13:00,13,Weekday,21.5,73,64,302.97,278.73
2025-01-15 14:00,14,Weekday,19.5,78,67,291.09,267.8
2025-01-15 15:00,15,Weekday,17.5,71,62,286.06,263.18
2025-01-15 16:00,16,Weekday,14.9,87,94,403.45,371.17
2025-01-15 17:00,17,Weekday,13.3,83,95,410.67,377.82
2025-01-15 18:00,18,Weekday,11.7,77,35,189.97,174.77
2025-01-15 19:00,19,Weekday,13.6,78,42,241.25,221.95
2025-01-15 20:00,20,Weekday,16.6,81,24,203.6,187.31
2025-01-15 21:00,21,Weekday,15.2,83,7,130.71,104.57
2025-01-15 22:00,22,Weekday,19.2,85,2,121.64,97.31
2025-01-15 23:00,23,Weekday,20.8,71,14,158.42,126.74
2025-01-16 00:00,0,Weekday,26.0,67,10,168.9,135.12
2025-01-16 01:00,1,Weekday,26.4,70,19,196.67,157.34
2025-01-16 02:00,2,Weekday,31.5,68,12,216.39,173.11
2025-01-16 03:00,3,Weekday,27.4,66,18,199.72,159.78
2025-01-16 04:00,4,Weekday,33.2,66,4,195.05,156.04
2025-01-16 05:00,5,Weekday,34.3,55,8,222.85,178.28
2025-01-16 06:00,6,Weekday,34.8,53,4,218.82,175.06
2025-01-16 07:00,7,Weekday,33.6,57,29,286.76,263.82
2025-01-16 08:00,8,Weekday,32.6,62,52,365.65,336.4
2025-01-16 09:00,9,Weekday,31.9,57,62,374.47,344.51
2025-01-16 10:00,10,Weekday,29.1,65,80,399.74,367.76
2025-01-16 11:00,11,Weekday,27.3,68,72,355.52,327.08
2025-01-16 12:00,12,Weekday,24.8,63,91,384.9,354.11
2025-01-16 13:00,13,Weekday,22.0,71,64,334.36,307.61
2025-01-16 14:00,14,Weekday,21.5,72,61,280.56,258.12
2025-01-16 15:00,15,Weekday,18.3,74,82,359.84,331.05
2025-01-16 16:00,16,Weekday,14.3,85,68,332.23,305.65
2025-01-16 17:00,17,Weekday,13.0,83,92,396.05,364.37
2025-01-16 18:00,18,Weekday,12.9,80,36,235.36,216.53
2025-01-16 19:00,19,Weekday,12.8,79,57,287.87,264.84
2025-01-16 20:00,20,Weekday,13.6,75,54,290.12,266.91
2025-01-16 21:00,21,Weekday,18.1,76,6,135.39,108.31
2025-01-16 22:00,22,Weekday,20.3,71,7,142.63,114.1
2025-01-16 23:00,23,Weekday,19.7,78,2,118.59,94.87
2025-01-17 00:00,0,Weekday,24.0,72,14,163.79,131.03
2025-01-17 01:00,1,Weekday,25.1,67,5,152.11,121.69
2025-01-17 02:00,2,Weekday,25.5,66,19,175.88,140.7
2025-01-17 03:00,3,Weekday,27.7,62,11,198.2,158.56
2025-01-17 04:00,4,Weekday,33.1,58,2,210.93,168.74
2025-01-17 05:00,5,Weekday,32.6,49,12,223.34,178.67
2025-01-17 06:00,6,Weekday,34.5,56,9,246.16,196.93
2025-01-17 07:00,7,Weekday,33.5,58,24,293.83,270.32
2025-01-17 08:00,8,Weekday,33.8,63,56,364.55,335.39
2025-01-17 09:00,9,Weekday,31.2,55,76,391.03,359.75
2025-01-17 10:00,10,Weekday,28.1,69,70,381.46,350.94
2025-01-17 11:00,11,Weekday,23.3,70,91,382.24,351.66
2025-01-17 12:00,12,Weekday,25.4,68,91,393.95,362.43
2025-01-17 13:00,13,Weekday,22.5,66,68,316.46,291.14
2025-01-17 14:00,14,Weekday,21.0,75,95,411.84,378.89
2025-01-17 15:00,15,Weekday,20.2,71,69,340.92,313.65
2025-01-17 16:00,16,Weekday,17.5,84,61,314.19,289.05
2025-01-17 17:00,17,Weekday,15.2,79,93,386.41,355.5
2025-01-17 18:00,18,Weekday,12.8,84,59,309.9,285.11
2025-01-17 19:00,19,Weekday,11.1,83,44,240.59,221.34
2025-01-17 20:00,20,Weekday,15.0,79,39,241.61,222.28
2025-01-17 21:00,21,Weekday,18.2,72,4,149.03,119.22
2025-01-17 22:00,22,Weekday,20.3,71,8,162.21,129.77
2025-01-17 23:00,23,Weekday,21.2,68,9,150.51,120.41
2025-01-18 00:00,0,Weekend,25.7,64,12,174.02,139.22
2025-01-18 01:00,1,Weekend,24.0,69,14,160.71,128.57
2025-01-18 02:00,2,Weekend,27.2,66,16,178.99,143.19
2025-01-18 03:00,3,Weekend,28.4,65,6,212.23,169.78
2025-01-18 04:00,4,Weekend,35.4,58,23,285.13,262.32
2025-01-18 05:00,5,Weekend,35.0,56,6,207.64,166.11
2025-01-18 06:00,6,Weekend,34.9,59,17,252.87,202.3
2025-01-18 07:00,7,Weekend,34.6,62,4,210.46,168.37
2025-01-18 08:00,8,Weekend,34.3,54,12,244.9,195.92
2025-01-18 09:00,9,Weekend,32.9,64,3,191.05,152.84
2025-01-18 10:00,10,Weekend,30.8,62,21,242.09,222.72
2025-01-18 11:00,11,Weekend,27.1,60,15,173.21,138.57
2025-01-18 12:00,12,Weekend,23.8,75,20,163.93,150.82
2025-01-18 13:00,13,Weekend,21.4,80,16,162.01,129.61
2025-01-18 14:00,14,Weekend,18.3,75,25,189.09,173.96
2025-01-18 15:00,15,Weekend,16.3,79,14,149.46,119.57
2025-01-18 16:00,16,Weekend,18.0,77,5,131.7,105.36
2025-01-18 17:00,17,Weekend,13.9,90,21,201.13,185.04
2025-01-18 18:00,18,Weekend,16.4,85,3,114.11,91.29
2025-01-18 19:00,19,Weekend,14.9,85,25,185.26,170.44
2025-01-18 20:00,20,Weekend,16.2,77,7,106.44,85.15
2025-01-18 21:00,21,Weekend,17.5,74,24,203.74,187.44
2025-01-18 22:00,22,Weekend,20.2,78,21,169.81,156.23
2025-01-18 23:00,23,Weekend,20.6,78,7,149.73,119.78
2025-01-19 00:00,0,Weekend,25.3,71,28,219.74,202.16
2025-01-19 01:00,1,Weekend,26.7,64,4,165.17,132.14
2025-01-19 02:00,2,Weekend,28.1,59,18,185.8,148.64
2025-01-19 03:00,3,Weekend,26.9,61,22,166.12,152.83
2025-01-19 04:00,4,Weekend,31.9,61,7,200.09,160.07
2025-01-19 05:00,5,Weekend,32.2,61,21,250.42,230.39
2025-01-19 06:00,6,Weekend,33.8,57,25,260.23,239.41
2025-01-19 07:00,7,Weekend,32.4,55,29,245.15,225.54
2025-01-19 08:00,8,Weekend,31.9,60,26,262.72,241.7
2025-01-19 09:00,9,Weekend,29.4,62,2,170.86,136.69
2025-01-19 10:00,10,Weekend,29.1,65,16,185.36,148.29
2025-01-19 11:00,11,Weekend,25.8,69,26,212.33,195.34
2025-01-19 12:00,12,Weekend,22.3,74,6,118.0,94.4
2025-01-19 13:00,13,Weekend,25.0,66,26,230.44,212.0
2025-01-19 14:00,14,Weekend,19.3,80,26,182.76,168.14
2025-01-19 15:00,15,Weekend,17.0,82,3,94.74,75.79
2025-01-19 16:00,16,Weekend,15.9,86,8,142.76,114.21
2025-01-19 17:00,17,Weekend,13.1,78,2,122.73,98.18
2025-01-19 18:00,18,Weekend,14.7,84,23,153.56,141.28
2025-01-19 19:00,19,Weekend,12.8,80,8,145.11,116.09
2025-01-19 20:00,20,Weekend,14.9,77,9,115.0,92.0
2025-01-19 21:00,21,Weekend,16.9,76,22,171.7,157.96
2025-01-19 22:00,22,Weekend,19.5,72,15,157.54,126.03
2025-01-19 23:00,23,Weekend,20.4,80,10,155.7,124.56
2025-01-20 00:00,0,Weekday,25.3,68,18,181.69,145.35
2025-01-20 01:00,1,Weekday,31.4,57,7,168.25,134.6
2025-01-20 02:00,2,Weekday,28.8,60,19,207.49,165.99
2025-01-20 03:00,3,Weekday,30.3,66,9,187.38,149.9
2025-01-20 04:00,4,Weekday,31.2,56,5,175.47,140.38
2025-01-20 05:00,5,Weekday,34.5,52,15,250.77,200.62
2025-01-20 06:00,6,Weekday,33.0,63,7,207.98,166.38
2025-01-20 07:00,7,Weekday,33.1,60,27,285.21,262.39
2025-01-20 08:00,8,Weekday,35.8,51,56,382.76,352.14
2025-01-20 09:00,9,Weekday,33.2,58,75,423.15,389.3
2025-01-20 10:00,10,Weekday,27.6,70,80,375.87,345.8
2025-01-20 11:00,11,Weekday,27.1,71,64,375.64,345.59
2025-01-20 12:00,12,Weekday,23.2,73,84,376.4,346.29
2025-01-20 13:00,13,Weekday,21.3,74,87,385.56,354.72
2025-01-20 14:00,14,Weekday,17.5,82,65,334.76,307.98
2025-01-20 15:00,15,Weekday,16.8,78,68,290.4,267.17
2025-01-20 16:00,16,Weekday,15.4,84,62,299.14,275.21
2025-01-20 17:00,17,Weekday,13.9,81,85,369.5,339.94
2025-01-20 18:00,18,Weekday,13.0,75,53,290.45,267.21
2025-01-20 19:00,19,Weekday,16.2,82,41,252.28,232.1
2025-01-20 20:00,20,Weekday,15.4,80,49,272.59,250.78
2025-01-20 21:00,21,Weekday,15.7,76,3,136.56,109.25
2025-01-20 22:00,22,Weekday,18.2,80,2,146.64,117.31
2025-01-20 23:00,23,Weekday,22.9,67,16,157.83,126.26
2025-01-21 00:00,0,Weekday,23.2,76,4,137.14,109.71
2025-01-21 01:00,1,Weekday,26.9,69,18,207.21,165.77
2025-01-21 02:00,2,Weekday,29.4,66,14,199.51,159.61
2025-01-21 03:00,3,Weekday,29.4,67,15,206.39,165.11
2025-01-21 04:00,4,Weekday,32.3,55,9,211.93,169.54
2025-01-21 05:00,5,Weekday,35.8,54,18,274.73,219.78
2025-01-21 06:00,6,Weekday,34.8,60,17,272.45,217.96
2025-01-21 07:00,7,Weekday,36.7,56,38,363.17,334.12
2025-01-21 08:00,8,Weekday,30.1,64,59,356.98,328.42
2025-01-21 09:00,9,Weekday,29.7,61,63,366.52,337.2
2025-01-21 10:00,10,Weekday,28.8,63,81,402.45,370.25
2025-01-21 11:00,11,Weekday,28.3,61,64,335.67,308.82
2025-01-21 12:00,12,Weekday,24.3,76,92,381.59,351.06
2025-01-21 13:00,13,Weekday,21.2,72,78,368.29,338.83
2025-01-21 14:00,14,Weekday,20.8,80,80,344.78,317.2
2025-01-21 15:00,15,Weekday,18.1,75,66,310.46,285.62
2025-01-21 16:00,16,Weekday,18.6,75,71,334.85,308.06
2025-01-21 17:00,17,Weekday,15.2,78,60,276.77,254.63
2025-01-21 18:00,18,Weekday,12.9,78,41,233.82,215.11
2025-01-21 19:00,19,Weekday,14.3,80,27,177.11,162.94
2025-01-21 20:00,20,Weekday,18.8,74,48,226.24,208.14
2025-01-21 21:00,21,Weekday,14.8,80,18,174.1,139.28
2025-01-21 22:00,22,Weekday,18.3,79,15,129.23,103.38
2025-01-21 23:00,23,Weekday,19.3,77,11,150.29,120.23
2025-01-22 00:00,0,Weekday,23.1,74,10,151.98,121.58
2025-01-22 01:00,1,Weekday,28.6,62,8,181.84,145.47
2025-01-22 02:00,2,Weekday,28.9,61,12,217.41,173.93
2025-01-22 03:00,3,Weekday,30.0,63,9,202.63,162.1
2025-01-22 04:00,4,Weekday,30.9,65,13,224.52,179.62
2025-01-22 05:00,5,Weekday,34.3,58,15,238.18,190.54
2025-01-22 06:00,6,Weekday,35.2,51,19,275.42,220.34
2025-01-22 07:00,7,Weekday,35.3,55,56,363.59,334.5
2025-01-22 08:00,8,Weekday,32.4,63,39,321.22,295.52
2025-01-22 09:00,9,Weekday,29.9,67,61,367.56,338.16
2025-01-22 10:00,10,Weekday,29.3,67,61,328.29,302.03
2025-01-22 11:00,11,Weekday,26.6,70,68,349.11,321.18
2025-01-22 12:00,12,Weekday,26.0,70,79,392.23,360.85
2025-01-22 13:00,13,Weekday,21.6,66,89,377.32,347.13
2025-01-22 14:00,14,Weekday,18.7,73,60,297.38,273.59
2025-01-22 15:00,15,Weekday,14.7,85,83,375.41,345.38
2025-01-22 16:00,16,Weekday,14.2,81,77,367.77,338.35
2025-01-22 17:00,17,Weekday,14.5,86,89,383.25,352.59
2025-01-22 18:00,18,Weekday,17.3,72,22,180.61,166.16
2025-01-22 19:00,19,Weekday,14.7,73,30,227.57,209.36
2025-01-22 20:00,20,Weekday,16.2,69,55,266.0,244.72
2025-01-22 21:00,21,Weekday,17.0,74,8,137.55,110.04
2025-01-22 22:00,22,Weekday,21.0,79,11,144.57,115.66
2025-01-22 23:00,23,Weekday,21.1,77,12,138.25,110.6
2025-01-23 00:00,0,Weekday,25.8,68,6,175.12,140.1
2025-01-23 01:00,1,Weekday,29.6,58,5,181.27,145.02
2025-01-23 02:00,2,Weekday,28.9,62,15,200.32,160.26
2025-01-23 03:00,3,Weekday,33.5,58,11,232.43,185.94
2025-01-23 04:00,4,Weekday,34.4,58,7,222.59,178.07
2025-01-23 05:00,5,Weekday,34.3,57,14,250.36,200.29
2025-01-23 06:00,6,Weekday,36.4,56,14,257.91,206.33
2025-01-23 07:00,7,Weekday,35.5,53,53,361.69,332.75
2025-01-23 08:00,8,Weekday,30.8,58,40,295.32,271.69
2025-01-23 09:00,9,Weekday,31.8,56,60,365.99,336.71
2025-01-23 10:00,10,Weekday,29.5,61,94,455.47,419.03
2025-01-23 11:00,11,Weekday,25.6,69,94,428.29,394.03
2025-01-23 12:00,12,Weekday,22.2,74,83,362.02,333.06
2025-01-23 13:00,13,Weekday,21.3,75,76,352.07,323.9
2025-01-23 14:00,14,Weekday,19.4,77,86,394.29,362.75
2025-01-23 15:00,15,Weekday,17.1,79,80,384.44,353.68
2025-01-23 16:00,16,Weekday,14.3,85,64,310.13,285.32
2025-01-23 17:00,17,Weekday,12.6,75,91,391.82,360.47
2025-01-23 18:00,18,Weekday,12.6,81,55,276.07,253.98
2025-01-23 19:00,19,Weekday,16.4,78,30,220.12,202.51
2025-01-23 20:00,20,Weekday,17.1,76,36,234.22,215.48
2025-01-23 21:00,21,Weekday,19.2,76,14,161.88,129.5
2025-01-23 22:00,22,Weekday,18.7,80,9,155.9,124.72
2025-01-23 23:00,23,Weekday,17.0,81,15,152.06,121.65
2025-01-24 00:00,0,Weekday,26.9,65,19,214.48,171.58
2025-01-24 01:00,1,Weekday,28.2,70,11,206.22,164.98
2025-01-24 02:00,2,Weekday,28.1,68,13,206.1,164.88
2025-01-24 03:00,3,Weekday,31.8,65,8,184.81,147.85
2025-01-24 04:00,4,Weekday,33.3,56,16,252.86,202.29
2025-01-24 05:00,5,Weekday,35.4,57,2,233.25,186.6
2025-01-24 06:00,6,Weekday,36.3,52,9,259.83,207.86
2025-01-24 07:00,7,Weekday,32.0,59,50,325.77,299.71
2025-01-24 08:00,8,Weekday,34.3,65,22,257.66,237.05
2025-01-24 09:00,9,Weekday,31.6,63,93,473.86,435.95
2025-01-24 10:00,10,Weekday,28.8,61,61,326.43,300.32
2025-01-24 11:00,11,Weekday,25.4,71,62,314.29,289.15
2025-01-24 12:00,12,Weekday,25.7,69,88,375.44,345.4
2025-01-24 13:00,13,Weekday,21.8,66,72,354.05,325.73
2025-01-24 14:00,14,Weekday,14.5,82,84,399.01,367.09
2025-01-24 15:00,15,Weekday,18.8,71,79,368.73,339.23
2025-01-24 16:00,16,Weekday,14.2,77,87,388.86,357.75
2025-01-24 17:00,17,Weekday,11.7,86,63,301.37,277.26
2025-01-24 18:00,18,Weekday,12.3,82,37,216.54,199.22
2025-01-24 19:00,19,Weekday,15.7,82,34,235.95,217.07
2025-01-24 20:00,20,Weekday,14.8,81,41,255.38,234.95
2025-01-24 21:00,21,Weekday,15.6,79,12,158.24,126.59
2025-01-24 22:00,22,Weekday,18.3,80,10,153.94,123.15
2025-01-24 23:00,23,Weekday,21.7,65,14,144.16,115.33
2025-01-25 00:00,0,Weekend,23.9,78,25,218.53,201.05
2025-01-25 01:00,1,Weekend,24.6,65,25,205.96,189.48
2025-01-25 02:00,2,Weekend,30.4,67,22,238.53,219.45
2025-01-25 03:00,3,Weekend,31.4,61,10,204.93,163.94
2025-01-25 04:00,4,Weekend,29.0,63,13,197.9,158.32
2025-01-25 05:00,5,Weekend,35.3,54,17,243.09,194.47
2025-01-25 06:00,6,Weekend,34.3,52,13,265.72,212.58
2025-01-25 07:00,7,Weekend,32.7,58,10,251.16,200.93
2025-01-25 08:00,8,Weekend,34.4,59,25,288.29,265.23
2025-01-25 09:00,9,Weekend,30.8,58,5,206.28,165.02
2025-01-25 10:00,10,Weekend,29.2,62,13,237.61,190.09
2025-01-25 11:00,11,Weekend,25.1,65,22,173.61,159.72
2025-01-25 12:00,12,Weekend,24.8,71,26,190.51,175.27
2025-01-25 13:00,13,Weekend,21.6,71,11,138.08,110.46
2025-01-25 14:00,14,Weekend,17.7,82,26,194.18,178.65
2025-01-25 15:00,15,Weekend,17.6,83,12,147.74,118.19
2025-01-25 16:00,16,Weekend,16.4,81,24,198.58,182.69
2025-01-25 17:00,17,Weekend,14.4,78,28,206.04,189.56
2025-01-25 18:00,18,Weekend,13.6,83,16,182.71,146.17
2025-01-25 19:00,19,Weekend,13.2,85,27,182.6,167.99
2025-01-25 20:00,20,Weekend,15.6,80,13,161.6,129.28
2025-01-25 21:00,21,Weekend,17.3,74,26,188.01,172.97
2025-01-25 22:00,22,Weekend,18.4,76,28,192.85,177.42
2025-01-25 23:00,23,Weekend,20.2,71,29,206.36,189.85
2025-01-26 00:00,0,Weekend,24.0,70,13,140.1,112.08
2025-01-26 01:00,1,Weekend,25.7,71,13,176.38,141.1
2025-01-26 02:00,2,Weekend,29.6,68,26,247.69,227.87
2025-01-26 03:00,3,Weekend,30.5,66,9,206.76,165.41
2025-01-26 04:00,4,Weekend,32.3,61,16,249.21,199.37
2025-01-26 05:00,5,Weekend,33.5,63,10,242.71,194.17
2025-01-26 06:00,6,Weekend,32.4,59,19,244.77,195.82
2025-01-26 07:00,7,Weekend,34.5,59,16,249.78,199.82
2025-01-26 08:00,8,Weekend,32.4,58,15,229.49,183.59
2025-01-26 09:00,9,Weekend,33.1,58,11,206.09,164.87
2025-01-26 10:00,10,Weekend,28.7,59,4,176.32,141.06
2025-01-26 11:00,11,Weekend,27.1,63,29,236.45,217.53
2025-01-26 12:00,12,Weekend,21.6,74,5,165.36,132.29
2025-01-26 13:00,13,Weekend,19.4,72,24,211.75,194.81
2025-01-26 14:00,14,Weekend,19.0,78,18,172.73,138.18
2025-01-26 15:00,15,Weekend,15.1,83,5,115.6,92.48
2025-01-26 16:00,16,Weekend,16.2,81,8,161.07,128.86
2025-01-26 17:00,17,Weekend,14.9,83,5,131.89,105.51
2025-01-26 18:00,18,Weekend,13.3,84,11,173.81,139.05
2025-01-26 19:00,19,Weekend,14.4,79,23,188.01,172.97
2025-01-26 20:00,20,Weekend,20.6,68,4,165.85,132.68
2025-01-26 21:00,21,Weekend,16.5,79,21,185.26,170.44
2025-01-26 22:00,22,Weekend,16.4,77,18,192.67,154.14
2025-01-26 23:00,23,Weekend,18.5,71,19,187.96,150.37
2025-01-27 00:00,0,Weekday,24.7,71,14,174.22,139.38
2025-01-27 01:00,1,Weekday,25.3,68,10,169.17,135.34
2025-01-27 02:00,2,Weekday,26.1,74,12,186.69,149.35
2025-01-27 03:00,3,Weekday,30.4,65,14,208.84,167.07
2025-01-27 04:00,4,Weekday,32.2,64,8,219.53,175.62
2025-01-27 05:00,5,Weekday,34.5,51,16,255.2,204.16
2025-01-27 06:00,6,Weekday,33.2,54,9,215.11,172.09
2025-01-27 07:00,7,Weekday,34.3,47,46,343.38,315.91
2025-01-27 08:00,8,Weekday,34.0,60,43,344.88,317.29
2025-01-27 09:00,9,Weekday,30.4,62,93,465.99,428.71
2025-01-27 10:00,10,Weekday,28.7,67,82,428.64,394.35
2025-01-27 11:00,11,Weekday,30.2,59,65,349.25,321.31
2025-01-27 12:00,12,Weekday,25.0,64,79,374.99,344.99
2025-01-27 13:00,13,Weekday,22.1,75,82,369.54,339.98
2025-01-27 14:00,14,Weekday,17.7,73,84,366.62,337.29
2025-01-27 15:00,15,Weekday,15.7,85,95,379.2,348.86
2025-01-27 16:00,16,Weekday,15.5,76,75,332.54,305.94
2025-01-27 17:00,17,Weekday,15.1,83,68,303.07,278.82
2025-01-27 18:00,18,Weekday,15.0,74,41,258.78,238.08
2025-01-27 19:00,19,Weekday,12.8,89,40,244.68,225.11
2025-01-27 20:00,20,Weekday,13.5,81,44,247.88,228.05
2025-01-27 21:00,21,Weekday,17.3,76,8,158.13,126.5
2025-01-27 22:00,22,Weekday,18.2,79,3,109.51,87.61
2025-01-27 23:00,23,Weekday,19.6,76,4,125.27,100.22
2025-01-28 00:00,0,Weekday,25.0,69,17,143.13,114.5
2025-01-28 01:00,1,Weekday,26.5,57,16,190.16,152.13
2025-01-28 02:00,2,Weekday,28.6,64,5,149.03,119.22
2025-01-28 03:00,3,Weekday,30.5,64,7,193.75,155.0
2025-01-28 04:00,4,Weekday,32.4,52,2,199.51,159.61
2025-01-28 05:00,5,Weekday,33.2,53,5,223.82,179.06
2025-01-28 06:00,6,Weekday,33.7,56,6,216.01,172.81
2025-01-28 07:00,7,Weekday,33.8,56,35,297.06,273.3
2025-01-28 08:00,8,Weekday,31.2,56,31,289.35,266.2
2025-01-28 09:00,9,Weekday,28.8,68,92,431.62,397.09
2025-01-28 10:00,10,Weekday,28.2,58,64,328.85,302.54
2025-01-28 11:00,11,Weekday,28.4,62,61,319.45,293.89
2025-01-28 12:00,12,Weekday,26.1,72,92,395.02,363.42
2025-01-28 13:00,13,Weekday,22.2,74,78,374.03,344.11
2025-01-28 14:00,14,Weekday,17.6,73,79,362.16,333.19
2025-01-28 15:00,15,Weekday,16.9,80,85,374.36,344.41
2025-01-28 16:00,16,Weekday,17.6,75,61,293.36,269.89
2025-01-28 17:00,17,Weekday,16.9,75,86,378.55,348.27
2025-01-28 18:00,18,Weekday,13.9,76,22,172.17,158.4
2025-01-28 19:00,19,Weekday,12.8,80,29,213.54,196.46
2025-01-28 20:00,20,Weekday,15.2,77,58,287.98,264.94
2025-01-28 21:00,21,Weekday,19.7,69,4,144.45,115.56
2025-01-28 22:00,22,Weekday,17.6,83,3,104.17,83.34
2025-01-28 23:00,23,Weekday,24.6,72,17,213.66,170.93
2025-01-29 00:00,0,Weekday,23.7,71,3,153.96,123.17
2025-01-29 01:00,1,Weekday,27.7,64,14,190.95,152.76
2025-01-29 02:00,2,Weekday,29.1,66,5,187.17,149.74
2025-01-29 03:00,3,Weekday,33.3,58,7,212.78,170.22
2025-01-29 04:00,4,Weekday,33.2,60,4,206.41,165.13
2025-01-29 05:00,5,Weekday,35.7,63,18,275.7,220.56
2025-01-29 06:00,6,Weekday,33.2,60,19,255.01,204.01
2025-01-29 07:00,7,Weekday,33.3,54,51,319.24,293.7
2025-01-29 08:00,8,Weekday,31.8,61,52,345.9,318.23
2025-01-29 09:00,9,Weekday,31.8,58,72,418.29,384.83
2025-01-29 10:00,10,Weekday,30.5,59,60,331.36,304.85
2025-01-29 11:00,11,Weekday,26.1,70,84,382.97,352.33
2025-01-29 12:00,12,Weekday,24.5,72,92,396.54,364.82
2025-01-29 13:00,13,Weekday,23.6,65,95,406.7,374.16
2025-01-29 14:00,14,Weekday,18.3,69,74,331.64,305.11
2025-01-29 15:00,15,Weekday,16.9,76,83,390.65,359.4
2025-01-29 16:00,16,Weekday,17.6,78,60,312.13,287.16
2025-01-29 17:00,17,Weekday,15.2,79,78,344.82,317.23
2025-01-29 18:00,18,Weekday,13.8,85,23,164.66,151.49
2025-01-29 19:00,19,Weekday,14.9,78,43,264.08,242.95
2025-01-29 20:00,20,Weekday,16.2,81,51,252.21,232.03
2025-01-29 21:00,21,Weekday,19.1,72,8,127.62,102.1
2025-01-29 22:00,22,Weekday,19.5,66,10,154.26,123.41
2025-01-29 23:00,23,Weekday,21.7,74,13,168.1,134.48
2025-01-30 00:00,0,Weekday,24.7,65,10,163.93,131.14
2025-01-30 01:00,1,Weekday,25.2,57,16,171.35,137.08
2025-01-30 02:00,2,Weekday,29.1,68,9,177.66,142.13
2025-01-30 03:00,3,Weekday,32.5,55,2,167.26,133.81
2025-01-30 04:00,4,Weekday,34.3,64,11,231.58,185.26
2025-01-30 05:00,5,Weekday,33.2,53,12,221.13,176.9
2025-01-30 06:00,6,Weekday,34.7,63,16,253.01,202.41
2025-01-30 07:00,7,Weekday,34.0,63,52,321.04,295.36
2025-01-30 08:00,8,Weekday,34.9,54,29,284.93,262.14
2025-01-30 09:00,9,Weekday,29.5,64,72,393.86,362.35
2025-01-30 10:00,10,Weekday,28.9,71,72,373.67,343.78
2025-01-30 11:00,11,Weekday,27.7,61,83,408.37,375.7
2025-01-30 12:00,12,Weekday,25.1,73,64,328.86,302.55
2025-01-30 13:00,13,Weekday,23.4,67,84,397.64,365.83
2025-01-30 14:00,14,Weekday,21.2,77,88,388.21,357.15
2025-01-30 15:00,15,Weekday,19.6,79,60,298.51,274.63
2025-01-30 16:00,16,Weekday,13.4,81,66,306.0,281.52
2025-01-30 17:00,17,Weekday,14.2,78,89,376.9,346.75
2025-01-30 18:00,18,Weekday,13.6,86,27,208.44,191.76
2025-01-30 19:00,19,Weekday,14.4,82,47,261.51,240.59
2025-01-30 20:00,20,Weekday,17.1,76,37,202.85,186.62
2025-01-30 21:00,21,Weekday,17.9,72,4,109.94,87.95
2025-01-30 22:00,22,Weekday,21.6,71,5,154.34,123.47
2025-01-30 23:00,23,Weekday,22.9,72,12,160.58,128.46
2025-01-31 00:00,0,Weekday,24.4,75,10,174.15,139.32
2025-01-31 01:00,1,Weekday,27.2,71,14,170.66,136.53
2025-01-31 02:00,2,Weekday,27.8,71,18,185.93,148.74
2025-01-31 03:00,3,Weekday,33.0,60,7,216.27,173.02
2025-01-31 04:00,4,Weekday,34.9,55,4,221.26,177.01
2025-01-31 05:00,5,Weekday,35.4,53,11,218.7,174.96
2025-01-31 06:00,6,Weekday,32.7,56,12,209.26,167.41
2025-01-31 07:00,7,Weekday,32.5,63,21,248.65,228.76
2025-01-31 08:00,8,Weekday,31.3,67,30,276.06,253.98
2025-01-31 09:00,9,Weekday,32.6,65,91,429.3,394.96
2025-01-31 10:00,10,Weekday,29.3,65,62,330.77,304.31
2025-01-31 11:00,11,Weekday,25.2,61,87,386.19,355.29
2025-01-31 12:00,12,Weekday,21.7,75,86,393.67,362.18
2025-01-31 13:00,13,Weekday,22.2,73,63,308.58,283.89
2025-01-31 14:00,14,Weekday,19.4,73,83,353.87,325.56
2025-01-31 15:00,15,Weekday,14.0,75,60,296.11,272.42
2025-01-31 16:00,16,Weekday,16.8,80,80,354.67,326.3
2025-01-31 17:00,17,Weekday,16.5,86,88,373.15,343.3
2025-01-31 18:00,18,Weekday,13.3,85,37,220.39,202.76
2025-01-31 19:00,19,Weekday,14.5,84,46,267.19,245.81
2025-01-31 20:00,20,Weekday,15.3,79,29,180.63,166.18
2025-01-31 21:00,21,Weekday,17.9,82,14,153.04,122.43
2025-01-31 22:00,22,Weekday,17.5,82,12,156.53,125.22
2025-01-31 23:00,23,Weekday,19.7,74,4,141.9,113.52
2025-02-01 00:00,0,Weekend,23.0,70,11,173.19,138.55
2025-02-01 01:00,1,Weekend,27.8,62,3,182.39,145.91
2025-02-01 02:00,2,Weekend,30.6,62,21,213.5,196.42
2025-02-01 03:00,3,Weekend,29.0,58,29,249.12,229.19
2025-02-01 04:00,4,Weekend,32.2,48,20,243.79,224.29
2025-02-01 05:00,5,Weekend,35.3,54,7,233.25,186.6
2025-02-01 06:00,6,Weekend,33.3,63,12,233.43,186.74
2025-02-01 07:00,7,Weekend,34.6,61,24,292.96,269.52
2025-02-01 08:00,8,Weekend,32.8,56,10,231.65,185.32
2025-02-01 09:00,9,Weekend,32.0,62,2,176.8,141.44
2025-02-01 10:00,10,Weekend,27.0,75,23,210.31,193.49
2025-02-01 11:00,11,Weekend,24.7,65,9,198.53,158.82
2025-02-01 12:00,12,Weekend,24.4,64,14,170.99,136.79
2025-02-01 13:00,13,Weekend,21.1,71,27,204.74,188.36
2025-02-01 14:00,14,Weekend,17.8,76,12,169.97,135.98
2025-02-01 15:00,15,Weekend,17.3,81,17,195.66,156.53
2025-02-01 16:00,16,Weekend,16.3,76,17,184.43,147.54
2025-02-01 17:00,17,Weekend,13.4,80,4,122.45,97.96
2025-02-01 18:00,18,Weekend,14.4,81,18,191.89,153.51
2025-02-01 19:00,19,Weekend,14.2,79,15,162.05,129.64
2025-02-01 20:00,20,Weekend,17.8,73,24,187.13,172.16
2025-02-01 21:00,21,Weekend,17.9,74,15,162.33,129.86
2025-02-01 22:00,22,Weekend,18.9,71,13,157.33,125.86
2025-02-01 23:00,23,Weekend,20.3,74,21,190.19,174.97
2025-02-02 00:00,0,Weekend,23.4,68,25,176.15,162.06
2025-02-02 01:00,1,Weekend,27.5,64,25,214.3,197.16
2025-02-02 02:00,2,Weekend,27.0,62,18,200.99,160.79
2025-02-02 03:00,3,Weekend,31.5,60,7,188.27,150.62
2025-02-02 04:00,4,Weekend,33.9,64,24,270.06,248.46
2025-02-02 05:00,5,Weekend,31.8,55,11,215.67,172.54
2025-02-02 06:00,6,Weekend,33.8,62,4,209.79,167.83
2025-02-02 07:00,7,Weekend,33.9,57,24,261.67,240.74
2025-02-02 08:00,8,Weekend,31.9,56,10,216.47,173.18
2025-02-02 09:00,9,Weekend,31.1,59,18,242.89,194.31
2025-02-02 10:00,10,Weekend,28.6,67,24,228.07,209.82
2025-02-02 11:00,11,Weekend,24.5,72,17,204.35,163.48
2025-02-02 12:00,12,Weekend,23.4,74,7,136.9,109.52
2025-02-02 13:00,13,Weekend,23.0,68,24,217.35,199.96
2025-02-02 14:00,14,Weekend,19.4,70,9,141.73,113.38
2025-02-02 15:00,15,Weekend,21.0,74,23,166.25,152.95
2025-02-02 16:00,16,Weekend,14.0,85,26,201.49,185.37
2025-02-02 17:00,17,Weekend,14.0,83,4,125.54,100.43
2025-02-02 18:00,18,Weekend,16.1,86,23,158.34,145.67
2025-02-02 19:00,19,Weekend,15.7,84,7,133.3,106.64
2025-02-02 20:00,20,Weekend,14.9,83,4,139.79,111.83
2025-02-02 21:00,21,Weekend,19.4,77,6,123.33,98.66
2025-02-02 22:00,22,Weekend,19.2,69,10,187.94,150.35
2025-02-02 23:00,23,Weekend,22.3,74,5,153.43,122.74
2025-02-03 00:00,0,Weekday,22.8,67,14,141.27,113.02
2025-02-03 01:00,1,Weekday,27.0,62,9,160.98,128.78
2025-02-03 02:00,2,Weekday,28.9,67,16,231.07,184.86
2025-02-03 03:00,3,Weekday,30.8,67,17,234.51,187.61
2025-02-03 04:00,4,Weekday,33.2,59,18,269.52,215.62
2025-02-03 05:00,5,Weekday,32.4,57,19,227.55,182.04
2025-02-03 06:00,6,Weekday,35.1,52,9,258.82,207.06
2025-02-03 07:00,7,Weekday,33.4,53,42,333.39,306.72
2025-02-03 08:00,8,Weekday,32.2,61,28,268.92,247.41
2025-02-03 09:00,9,Weekday,30.4,60,68,344.5,316.94
2025-02-03 10:00,10,Weekday,29.3,65,73,362.59,333.58
2025-02-03 11:00,11,Weekday,27.3,73,70,369.36,339.81
2025-02-03 12:00,12,Weekday,25.1,64,92,415.94,382.66
2025-02-03 13:00,13,Weekday,21.6,67,65,299.14,275.21
2025-02-03 14:00,14,Weekday,17.9,80,67,318.08,292.63
2025-02-03 15:00,15,Weekday,16.8,80,61,305.94,281.46
2025-02-03 16:00,16,Weekday,17.9,81,87,371.87,342.12
2025-02-03 17:00,17,Weekday,13.0,85,63,305.32,280.89
2025-02-03 18:00,18,Weekday,15.5,84,55,268.68,247.19
2025-02-03 19:00,19,Weekday,12.4,87,59,290.18,266.97
2025-02-03 20:00,20,Weekday,15.4,81,37,210.17,193.36
2025-02-03 21:00,21,Weekday,16.6,82,10,135.2,108.16
2025-02-03 22:00,22,Weekday,20.3,74,15,145.3,116.24
2025-02-03 23:00,23,Weekday,22.7,68,4,126.8,101.44
2025-02-04 00:00,0,Weekday,23.7,76,17,165.08,132.06
2025-02-04 01:00,1,Weekday,27.5,69,16,192.45,153.96
2025-02-04 02:00,2,Weekday,28.6,66,13,179.23,143.38
2025-02-04 03:00,3,Weekday,32.5,57,3,181.15,144.92
2025-02-04 04:00,4,Weekday,32.0,62,18,222.55,178.04
2025-02-04 05:00,5,Weekday,33.6,61,16,265.38,212.3
2025-02-04 06:00,6,Weekday,33.4,58,6,199.51,159.61
2025-02-04 07:00,7,Weekday,33.9,65,54,373.35,343.48
2025-02-04 08:00,8,Weekday,34.7,48,22,283.81,261.11
2025-02-04 09:00,9,Weekday,30.0,64,88,428.65,394.36
2025-02-04 10:00,10,Weekday,29.6,71,61,321.64,295.91
2025-02-04 11:00,11,Weekday,27.5,65,87,415.76,382.5
2025-02-04 12:00,12,Weekday,23.4,78,93,407.35,374.76
2025-02-04 13:00,13,Weekday,19.4,77,60,288.03,264.99
2025-02-04 14:00,14,Weekday,18.6,77,80,362.11,333.14
2025-02-04 15:00,15,Weekday,17.2,73,76,338.45,311.37
2025-02-04 16:00,16,Weekday,14.7,85,76,349.99,321.99
2025-02-04 17:00,17,Weekday,15.6,84,73,332.05,305.49
2025-02-04 18:00,18,Weekday,12.9,86,46,250.0,230.0
2025-02-04 19:00,19,Weekday,14.7,79,42,246.52,226.8
2025-02-04 20:00,20,Weekday,13.7,79,24,209.82,193.03
2025-02-04 21:00,21,Weekday,19.2,82,5,142.49,113.99
2025-02-04 22:00,22,Weekday,17.9,74,14,185.25,148.2
2025-02-04 23:00,23,Weekday,21.5,70,16,171.36,137.09
2025-02-05 00:00,0,Weekday,24.6,69,5,138.06,110.45
2025-02-05 01:00,1,Weekday,26.1,73,18,185.45,148.36
2025-02-05 02:00,2,Weekday,30.7,67,7,192.12,153.7
2025-02-05 03:00,3,Weekday,30.1,60,5,184.62,147.7
2025-02-05 04:00,4,Weekday,32.5,57,17,216.28,173.02
2025-02-05 05:00,5,Weekday,34.1,59,16,244.96,195.97
2025-02-05 06:00,6,Weekday,34.3,60,13,222.36,177.89
2025-02-05 07:00,7,Weekday,36.2,54,29,303.27,279.01
2025-02-05 08:00,8,Weekday,30.9,53,48,323.73,297.83
2025-02-05 09:00,9,Weekday,32.2,64,89,454.71,418.33
2025-02-05 10:00,10,Weekday,29.0,70,63,325.48,299.44
2025-02-05 11:00,11,Weekday,26.0,69,91,404.79,372.41
2025-02-05 12:00,12,Weekday,23.7,70,65,337.61,310.6
2025-02-05 13:00,13,Weekday,20.4,75,64,316.53,291.21
2025-02-05 14:00,14,Weekday,18.8,78,94,391.4,360.09
2025-02-05 15:00,15,Weekday,18.2,67,62,285.5,262.66
2025-02-05 16:00,16,Weekday,16.0,74,68,313.27,288.21
2025-02-05 17:00,17,Weekday,12.8,78,82,361.75,332.81
2025-02-05 18:00,18,Weekday,15.0,84,44,235.89,217.02
2025-02-05 19:00,19,Weekday,16.3,83,44,276.83,254.68
2025-02-05 20:00,20,Weekday,15.3,80,53,262.82,241.79
2025-02-05 21:00,21,Weekday,15.6,79,3,140.09,112.07
2025-02-05 22:00,22,Weekday,18.8,76,12,162.51,130.01
2025-02-05 23:00,23,Weekday,22.4,71,17,170.44,136.35
2025-02-06 00:00,0,Weekday,25.4,60,13,206.64,165.31
2025-02-06 01:00,1,Weekday,28.5,63,9,194.7,155.76
2025-02-06 02:00,2,Weekday,27.3,64,15,180.9,144.72
2025-02-06 03:00,3,Weekday,29.5,62,5,165.55,132.44
2025-02-06 04:00,4,Weekday,33.7,55,16,245.44,196.35
2025-02-06 05:00,5,Weekday,32.7,59,6,234.12,187.3
2025-02-06 06:00,6,Weekday,32.1,60,16,252.73,202.18
2025-02-06 07:00,7,Weekday,34.1,58,46,351.79,323.65
2025-02-06 08:00,8,Weekday,31.5,55,44,337.47,310.47
2025-02-06 09:00,9,Weekday,29.8,64,64,376.56,346.44
2025-02-06 10:00,10,Weekday,27.6,68,78,363.04,334.0
2025-02-06 11:00,11,Weekday,27.8,60,81,377.0,346.84
2025-02-06 12:00,12,Weekday,23.3,65,68,335.42,308.59
2025-02-06 13:00,13,Weekday,19.7,79,79,364.83,335.64
2025-02-06 14:00,14,Weekday,19.2,74,77,338.47,311.39
2025-02-06 15:00,15,Weekday,17.0,76,63,305.91,281.44
2025-02-06 16:00,16,Weekday,16.7,86,68,317.85,292.42
2025-02-06 17:00,17,Weekday,15.4,75,91,419.5,385.94
2025-02-06 18:00,18,Weekday,16.3,83,21,216.39,199.08
2025-02-06 19:00,19,Weekday,14.4,82,58,300.38,276.35
2025-02-06 20:00,20,Weekday,16.2,89,20,177.06,162.9
2025-02-06 21:00,21,Weekday,14.4,84,12,145.14,116.11
2025-02-06 22:00,22,Weekday,19.4,85,3,126.93,101.54
2025-02-06 23:00,23,Weekday,21.0,77,19,183.77,147.02
2025-02-07 00:00,0,Weekday,22.5,70,13,158.58,126.86
2025-02-07 01:00,1,Weekday,26.0,70,11,149.26,119.41
2025-02-07 02:00,2,Weekday,27.1,69,10,157.33,125.86
2025-02-07 03:00,3,Weekday,32.0,59,19,209.28,167.42
2025-02-07 04:00,4,Weekday,31.2,60,3,187.78,150.22
2025-02-07 05:00,5,Weekday,33.2,58,3,221.03,176.82
2025-02-07 06:00,6,Weekday,36.2,46,3,218.41,174.73
2025-02-07 07:00,7,Weekday,32.4,58,50,356.07,327.58
2025-02-07 08:00,8,Weekday,32.9,63,34,293.39,269.92
2025-02-07 09:00,9,Weekday,35.4,61,69,420.71,387.05
2025-02-07 10:00,10,Weekday,29.9,61,83,400.19,368.17
2025-02-07 11:00,11,Weekday,26.2,60,95,435.71,400.85
2025-02-07 12:00,12,Weekday,26.0,74,95,433.63,398.94
2025-02-07 13:00,13,Weekday,20.2,77,75,327.93,301.7
2025-02-07 14:00,14,Weekday,18.2,76,73,348.49,320.61
2025-02-07 15:00,15,Weekday,17.4,70,82,376.63,346.5
2025-02-07 16:00,16,Weekday,15.2,67,91,403.24,370.98
2025-02-07 17:00,17,Weekday,13.9,85,82,376.82,346.67
2025-02-07 18:00,18,Weekday,14.9,73,34,241.98,222.62
2025-02-07 19:00,19,Weekday,14.7,86,50,246.17,226.48
2025-02-07 20:00,20,Weekday,14.8,80,46,248.58,228.69
2025-02-07 21:00,21,Weekday,16.5,75,12,153.24,122.59
2025-02-07 22:00,22,Weekday,18.2,81,17,158.73,126.98
2025-02-07 23:00,23,Weekday,19.0,82,7,152.79,122.23
2025-02-08 00:00,0,Weekend,22.6,72,2,151.98,121.58
2025-02-08 01:00,1,Weekend,27.6,68,14,181.43,145.14
2025-02-08 02:00,2,Weekend,31.6,60,20,223.07,205.22
2025-02-08 03:00,3,Weekend,31.7,57,29,284.32,261.57
2025-02-08 04:00,4,Weekend,34.2,59,16,245.16,196.13
2025-02-08 05:00,5,Weekend,33.3,51,11,230.33,184.26
2025-02-08 06:00,6,Weekend,35.7,65,24,288.54,265.46
2025-02-08 07:00,7,Weekend,32.3,62,24,239.34,220.19
2025-02-08 08:00,8,Weekend,32.7,62,28,263.49,242.41
2025-02-08 09:00,9,Weekend,28.8,67,21,198.21,182.35
2025-02-08 10:00,10,Weekend,29.1,65,2,156.31,125.05
2025-02-08 11:00,11,Weekend,28.3,63,20,212.07,195.1
2025-02-08 12:00,12,Weekend,23.2,74,26,199.44,183.48
2025-02-08 13:00,13,Weekend,21.9,67,18,190.31,152.25
2025-02-08 14:00,14,Weekend,19.3,71,29,205.68,189.23
2025-02-08 15:00,15,Weekend,17.4,74,23,188.05,173.01
2025-02-08 16:00,16,Weekend,16.0,75,15,147.7,118.16
2025-02-08 17:00,17,Weekend,11.8,85,16,167.54,134.03
2025-02-08 18:00,18,Weekend,16.4,74,7,170.89,136.71
2025-02-08 19:00,19,Weekend,13.2,73,7,123.1,98.48
2025-02-08 20:00,20,Weekend,15.9,80,8,142.84,114.27
2025-02-08 21:00,21,Weekend,15.1,76,8,144.97,115.98
2025-02-08 22:00,22,Weekend,17.7,76,28,187.23,172.25
2025-02-08 23:00,23,Weekend,20.9,79,18,187.63,150.1
2025-02-09 00:00,0,Weekend,27.2,70,5,163.79,131.03
2025-02-09 01:00,1,Weekend,28.1,65,25,248.66,228.77
2025-02-09 02:00,2,Weekend,30.3,69,28,250.35,230.32
2025-02-09 03:00,3,Weekend,30.6,66,17,226.31,181.05
2025-02-09 04:00,4,Weekend,33.4,68,5,205.27,164.22
2025-02-09 05:00,5,Weekend,30.7,71,10,197.53,158.02
2025-02-09 06:00,6,Weekend,32.9,62,5,214.59,171.67
2025-02-09 07:00,7,Weekend,32.4,59,9,235.31,188.25
2025-02-09 08:00,8,Weekend,33.7,58,19,251.26,201.01
2025-02-09 09:00,9,Weekend,34.1,59,6,238.02,190.42
2025-02-09 10:00,10,Weekend,28.1,68,8,174.18,139.34
2025-02-09 11:00,11,Weekend,25.0,67,21,187.03,172.07
2025-02-09 12:00,12,Weekend,22.1,70,19,167.89,134.31
2025-02-09 13:00,13,Weekend,21.3,67,27,196.96,181.2
2025-02-09 14:00,14,Weekend,20.7,71,5,154.04,123.23
2025-02-09 15:00,15,Weekend,17.2,68,7,118.35,94.68
2025-02-09 16:00,16,Weekend,16.1,79,22,220.09,202.48
2025-02-09 17:00,17,Weekend,15.7,79,29,201.98,185.82
2025-02-09 18:00,18,Weekend,16.1,81,27,177.83,163.6
2025-02-09 19:00,19,Weekend,14.5,87,8,122.36,97.89
2025-02-09 20:00,20,Weekend,14.8,79,28,196.84,181.09
2025-02-09 21:00,21,Weekend,15.0,84,7,136.0,108.8
2025-02-09 22:00,22,Weekend,18.5,78,20,178.25,163.99
2025-02-09 23:00,23,Weekend,19.3,82,20,208.46,191.78
2025-02-10 00:00,0,Weekday,23.0,68,17,180.13,144.1
2025-02-10 01:00,1,Weekday,27.4,64,18,203.18,162.54
2025-02-10 02:00,2,Weekday,27.3,75,12,193.1,154.48
2025-02-10 03:00,3,Weekday,31.0,64,18,241.17,192.94
2025-02-10 04:00,4,Weekday,31.6,55,15,240.47,192.38
2025-02-10 05:00,5,Weekday,30.5,58,19,236.54,189.23
2025-02-10 06:00,6,Weekday,36.7,50,16,264.33,211.46
2025-02-10 07:00,7,Weekday,33.7,60,53,357.45,328.85
2025-02-10 08:00,8,Weekday,30.6,59,58,356.11,327.62
2025-02-10 09:00,9,Weekday,32.6,58,71,396.45,364.73
2025-02-10 10:00,10,Weekday,28.3,68,70,366.09,336.8
2025-02-10 11:00,11,Weekday,26.7,60,83,365.07,335.86
2025-02-10 12:00,12,Weekday,24.8,66,81,387.71,356.69
2025-02-10 13:00,13,Weekday,20.1,71,87,401.95,369.79
2025-02-10 14:00,14,Weekday,19.5,76,87,383.4,352.73
2025-02-10 15:00,15,Weekday,16.4,76,93,430.17,395.76
2025-02-10 16:00,16,Weekday,17.0,86,72,338.49,311.41
2025-02-10 17:00,17,Weekday,13.5,78,94,397.74,365.92
2025-02-10 18:00,18,Weekday,16.1,74,41,203.59,187.3
2025-02-10 19:00,19,Weekday,13.6,81,49,274.8,252.82
2025-02-10 20:00,20,Weekday,15.2,75,34,253.44,233.16
2025-02-10 21:00,21,Weekday,19.3,74,19,151.95,121.56
2025-02-10 22:00,22,Weekday,16.6,80,17,180.22,144.18
2025-02-10 23:00,23,Weekday,24.1,68,9,184.42,147.54
2025-02-11 00:00,0,Weekday,22.6,73,6,125.84,100.67
2025-02-11 01:00,1,Weekday,24.0,73,12,142.38,113.9
2025-02-11 02:00,2,Weekday,28.0,63,14,197.08,157.66
2025-02-11 03:00,3,Weekday,29.5,64,2,158.65,126.92
2025-02-11 04:00,4,Weekday,31.3,59,18,243.66,194.93
2025-02-11 05:00,5,Weekday,31.7,56,14,223.37,178.7
2025-02-11 06:00,6,Weekday,34.3,61,3,206.94,165.55
2025-02-11 07:00,7,Weekday,35.6,51,35,304.87,280.48
2025-02-11 08:00,8,Weekday,32.1,58,38,291.22,267.92
2025-02-11 09:00,9,Weekday,33.0,67,84,463.97,426.85
2025-02-11 10:00,10,Weekday,27.9,66,65,323.86,297.95
2025-02-11 11:00,11,Weekday,26.7,71,83,384.66,353.89
2025-02-11 12:00,12,Weekday,25.5,66,74,337.31,310.33
2025-02-11 13:00,13,Weekday,19.9,74,76,362.99,333.95
2025-02-11 14:00,14,Weekday,19.3,76,79,344.5,316.94
2025-02-11 15:00,15,Weekday,17.9,71,67,337.23,310.25
